-- ============================================================
-- FitSync Pro — Seed / Mock Data
-- ============================================================
-- Run this entire file as the postgres role in the Supabase SQL
-- editor. It creates the auth.users rows first, then all
-- application data. All UUIDs use the prefix a0000000-0000-
-- ============================================================

-- ================================================================
-- 0a. AUTH USERS (must exist before any FK references them)
-- ================================================================
-- NOTE: handle_new_user trigger will fire and create a bare profile row
-- (user_type='member', no gym_id) for each auth user. The profiles INSERT
-- in step 2 uses ON CONFLICT DO UPDATE to overwrite those rows with correct data.

-- Passwords are bcrypt hashes of "Password123!" — for local dev only.
INSERT INTO auth.users
  (id, instance_id, aud, role,
   email, encrypted_password,
   email_confirmed_at, created_at, updated_at,
   raw_app_meta_data, raw_user_meta_data)
VALUES
  -- Gym admin
  ('a0000000-0000-0000-0000-000000000010',
   '00000000-0000-0000-0000-000000000000', 'authenticated', 'authenticated',
   'khaled@powerfit.eg',
   '$2a$10$PX9rKRBnJqaR9q4zq1L1/.placeholder.hash.for.dev.only',
   now(), now(), now(),
   '{"provider":"email","providers":["email"]}', '{"full_name":"Khaled Hassan"}'),

  -- Coach
  ('a0000000-0000-0000-0000-000000000011',
   '00000000-0000-0000-0000-000000000000', 'authenticated', 'authenticated',
   'ahmed@powerfit.eg',
   '$2a$10$PX9rKRBnJqaR9q4zq1L1/.placeholder.hash.for.dev.only',
   now(), now(), now(),
   '{"provider":"email","providers":["email"]}', '{"full_name":"Ahmed Samy"}'),

  -- Gym members
  ('a0000000-0000-0000-0000-000000000020',
   '00000000-0000-0000-0000-000000000000', 'authenticated', 'authenticated',
   'mohamed.ali@example.eg',
   '$2a$10$PX9rKRBnJqaR9q4zq1L1/.placeholder.hash.for.dev.only',
   now(), now(), now(),
   '{"provider":"email","providers":["email"]}', '{"full_name":"Mohamed Ali"}'),

  ('a0000000-0000-0000-0000-000000000021',
   '00000000-0000-0000-0000-000000000000', 'authenticated', 'authenticated',
   'sara.mostafa@example.eg',
   '$2a$10$PX9rKRBnJqaR9q4zq1L1/.placeholder.hash.for.dev.only',
   now(), now(), now(),
   '{"provider":"email","providers":["email"]}', '{"full_name":"Sara Mostafa"}'),

  ('a0000000-0000-0000-0000-000000000022',
   '00000000-0000-0000-0000-000000000000', 'authenticated', 'authenticated',
   'youssef.ibrahim@example.eg',
   '$2a$10$PX9rKRBnJqaR9q4zq1L1/.placeholder.hash.for.dev.only',
   now(), now(), now(),
   '{"provider":"email","providers":["email"]}', '{"full_name":"Youssef Ibrahim"}'),

  ('a0000000-0000-0000-0000-000000000023',
   '00000000-0000-0000-0000-000000000000', 'authenticated', 'authenticated',
   'nour.eldin@example.eg',
   '$2a$10$PX9rKRBnJqaR9q4zq1L1/.placeholder.hash.for.dev.only',
   now(), now(), now(),
   '{"provider":"email","providers":["email"]}', '{"full_name":"Nour El-Din"}'),

  ('a0000000-0000-0000-0000-000000000024',
   '00000000-0000-0000-0000-000000000000', 'authenticated', 'authenticated',
   'layla.ahmed@example.eg',
   '$2a$10$PX9rKRBnJqaR9q4zq1L1/.placeholder.hash.for.dev.only',
   now(), now(), now(),
   '{"provider":"email","providers":["email"]}', '{"full_name":"Layla Ahmed"}'),

  ('a0000000-0000-0000-0000-000000000025',
   '00000000-0000-0000-0000-000000000000', 'authenticated', 'authenticated',
   'omar.farouk@example.eg',
   '$2a$10$PX9rKRBnJqaR9q4zq1L1/.placeholder.hash.for.dev.only',
   now(), now(), now(),
   '{"provider":"email","providers":["email"]}', '{"full_name":"Omar Farouk"}'),

  -- Online-only clients
  ('a0000000-0000-0000-0000-000000000026',
   '00000000-0000-0000-0000-000000000000', 'authenticated', 'authenticated',
   'dina.mahmoud@example.eg',
   '$2a$10$PX9rKRBnJqaR9q4zq1L1/.placeholder.hash.for.dev.only',
   now(), now(), now(),
   '{"provider":"email","providers":["email"]}', '{"full_name":"Dina Mahmoud"}'),

  ('a0000000-0000-0000-0000-000000000027',
   '00000000-0000-0000-0000-000000000000', 'authenticated', 'authenticated',
   'karim.sherif@example.eg',
   '$2a$10$PX9rKRBnJqaR9q4zq1L1/.placeholder.hash.for.dev.only',
   now(), now(), now(),
   '{"provider":"email","providers":["email"]}', '{"full_name":"Karim Sherif"}')

ON CONFLICT (id) DO NOTHING;   -- safe to re-run

-- ----------------------------------------------------------------
-- 0b. Helpers — disable RLS for seeding, re-enable after
-- ----------------------------------------------------------------
ALTER TABLE gyms             DISABLE ROW LEVEL SECURITY;
ALTER TABLE profiles         DISABLE ROW LEVEL SECURITY;
ALTER TABLE coaches          DISABLE ROW LEVEL SECURITY;
ALTER TABLE clients          DISABLE ROW LEVEL SECURITY;
ALTER TABLE coach_clients    DISABLE ROW LEVEL SECURITY;
ALTER TABLE coach_invites    DISABLE ROW LEVEL SECURITY;
ALTER TABLE gym_plans        DISABLE ROW LEVEL SECURITY;
ALTER TABLE gym_classes      DISABLE ROW LEVEL SECURITY;
ALTER TABLE gym_checkins     DISABLE ROW LEVEL SECURITY;
ALTER TABLE exercises        DISABLE ROW LEVEL SECURITY;
ALTER TABLE workout_plans    DISABLE ROW LEVEL SECURITY;
ALTER TABLE workout_plan_days     DISABLE ROW LEVEL SECURITY;
ALTER TABLE workout_plan_exercises DISABLE ROW LEVEL SECURITY;
ALTER TABLE plan_assignments DISABLE ROW LEVEL SECURITY;
ALTER TABLE workout_logs     DISABLE ROW LEVEL SECURITY;
ALTER TABLE workout_log_sets DISABLE ROW LEVEL SECURITY;
ALTER TABLE nutrition_plans  DISABLE ROW LEVEL SECURITY;
ALTER TABLE daily_checkins   DISABLE ROW LEVEL SECURITY;
ALTER TABLE progress_photos  DISABLE ROW LEVEL SECURITY;
ALTER TABLE inbody_results   DISABLE ROW LEVEL SECURITY;


-- ================================================================
-- 1. GYM
-- ================================================================
INSERT INTO gyms (id, name, owner_id, address, phone) VALUES
  ('a0000000-0000-0000-0000-000000000001',
   'PowerFit Cairo',
   'a0000000-0000-0000-0000-000000000010',   -- Khaled Hassan (admin)
   'Maadi Grand Mall, 4th Floor, Cairo',
   '+20 100 555 0001');


-- ================================================================
-- 2. PROFILES
-- ================================================================
INSERT INTO profiles (id, gym_id, user_type, full_name, phone) VALUES
  ('a0000000-0000-0000-0000-000000000010',
   'a0000000-0000-0000-0000-000000000001',
   'gym',    'Khaled Hassan', '+20 100 555 0010'),
  ('a0000000-0000-0000-0000-000000000011',
   'a0000000-0000-0000-0000-000000000001',
   'coach',  'Ahmed Samy',    '+20 100 555 0011'),
  -- Gym members
  ('a0000000-0000-0000-0000-000000000020',
   'a0000000-0000-0000-0000-000000000001',
   'member', 'Mohamed Ali',     '+20 100 555 0020'),
  ('a0000000-0000-0000-0000-000000000021',
   'a0000000-0000-0000-0000-000000000001',
   'member', 'Sara Mostafa',    '+20 100 555 0021'),
  ('a0000000-0000-0000-0000-000000000022',
   'a0000000-0000-0000-0000-000000000001',
   'member', 'Youssef Ibrahim', '+20 100 555 0022'),
  ('a0000000-0000-0000-0000-000000000023',
   'a0000000-0000-0000-0000-000000000001',
   'member', 'Nour El-Din',     '+20 100 555 0023'),
  ('a0000000-0000-0000-0000-000000000024',
   'a0000000-0000-0000-0000-000000000001',
   'member', 'Layla Ahmed',     '+20 100 555 0024'),
  ('a0000000-0000-0000-0000-000000000025',
   'a0000000-0000-0000-0000-000000000001',
   'member', 'Omar Farouk',     '+20 100 555 0025'),
  -- Online-only (no gym_id)
  ('a0000000-0000-0000-0000-000000000026',
   NULL, 'member', 'Dina Mahmoud',  '+20 100 555 0026'),
  ('a0000000-0000-0000-0000-000000000027',
   NULL, 'member', 'Karim Sherif',  '+20 100 555 0027')
ON CONFLICT (id) DO UPDATE SET
  gym_id    = EXCLUDED.gym_id,
  user_type = EXCLUDED.user_type,
  full_name = EXCLUDED.full_name,
  phone     = EXCLUDED.phone;


-- ================================================================
-- 3. COACH
-- ================================================================
INSERT INTO coaches (id, profile_id, gym_id, bio, specialties, is_online_coach, public_slug) VALUES
  ('a0000000-0000-0000-0000-000000000100',
   'a0000000-0000-0000-0000-000000000011',
   'a0000000-0000-0000-0000-000000000001',
   'NASM-certified coach with 7 years of experience in hypertrophy and fat loss. Fluent in Arabic and English.',
   ARRAY['Hypertrophy', 'Fat Loss', 'Powerlifting', 'Online Coaching'],
   true,
   'coach-ahmed-samy');


-- ================================================================
-- 4. CLIENTS
-- ================================================================
INSERT INTO clients
  (id, profile_id, gym_id, membership_status, membership_type,
   start_date, end_date, qr_code)
VALUES
  -- Mohamed Ali — active monthly
  ('a0000000-0000-0000-0000-000000000200',
   'a0000000-0000-0000-0000-000000000020',
   'a0000000-0000-0000-0000-000000000001',
   'active', 'Monthly',
   '2026-04-01', '2026-05-31', 'QR-MALI-001'),

  -- Sara Mostafa — active quarterly
  ('a0000000-0000-0000-0000-000000000201',
   'a0000000-0000-0000-0000-000000000021',
   'a0000000-0000-0000-0000-000000000001',
   'active', 'Quarterly',
   '2026-03-01', '2026-05-31', 'QR-SMOS-002'),

  -- Youssef Ibrahim — frozen
  ('a0000000-0000-0000-0000-000000000202',
   'a0000000-0000-0000-0000-000000000022',
   'a0000000-0000-0000-0000-000000000001',
   'frozen', 'Monthly',
   '2026-02-01', '2026-03-01', 'QR-YIBR-003'),

  -- Nour El-Din — active monthly (mid-month join)
  ('a0000000-0000-0000-0000-000000000203',
   'a0000000-0000-0000-0000-000000000023',
   'a0000000-0000-0000-0000-000000000001',
   'active', 'Monthly',
   '2026-04-15', '2026-05-15', 'QR-NELD-004'),

  -- Layla Ahmed — expired
  ('a0000000-0000-0000-0000-000000000204',
   'a0000000-0000-0000-0000-000000000024',
   'a0000000-0000-0000-0000-000000000001',
   'expired', 'Monthly',
   '2026-01-01', '2026-02-01', 'QR-LAHM-005'),

  -- Omar Farouk — active annual
  ('a0000000-0000-0000-0000-000000000205',
   'a0000000-0000-0000-0000-000000000025',
   'a0000000-0000-0000-0000-000000000001',
   'active', 'Annual',
   '2026-01-01', '2026-12-31', 'QR-OFRK-006'),

  -- Dina Mahmoud — online only (no gym_id, no QR)
  ('a0000000-0000-0000-0000-000000000206',
   'a0000000-0000-0000-0000-000000000026',
   NULL, NULL, NULL, NULL, NULL, NULL),

  -- Karim Sherif — online only
  ('a0000000-0000-0000-0000-000000000207',
   'a0000000-0000-0000-0000-000000000027',
   NULL, NULL, NULL, NULL, NULL, NULL);


-- ================================================================
-- 5. COACH ↔ CLIENT RELATIONSHIPS
-- ================================================================
INSERT INTO coach_clients (id, coach_id, client_id, context, is_active) VALUES
  ('a0000000-0000-0000-0000-000000000130',
   'a0000000-0000-0000-0000-000000000100',
   'a0000000-0000-0000-0000-000000000200', 'gym', true),
  ('a0000000-0000-0000-0000-000000000131',
   'a0000000-0000-0000-0000-000000000100',
   'a0000000-0000-0000-0000-000000000201', 'gym', true),
  ('a0000000-0000-0000-0000-000000000132',
   'a0000000-0000-0000-0000-000000000100',
   'a0000000-0000-0000-0000-000000000202', 'gym', true),
  ('a0000000-0000-0000-0000-000000000133',
   'a0000000-0000-0000-0000-000000000100',
   'a0000000-0000-0000-0000-000000000203', 'gym', true),
  ('a0000000-0000-0000-0000-000000000134',
   'a0000000-0000-0000-0000-000000000100',
   'a0000000-0000-0000-0000-000000000204', 'gym', false),  -- Layla expired
  ('a0000000-0000-0000-0000-000000000135',
   'a0000000-0000-0000-0000-000000000100',
   'a0000000-0000-0000-0000-000000000205', 'gym', true),
  ('a0000000-0000-0000-0000-000000000136',
   'a0000000-0000-0000-0000-000000000100',
   'a0000000-0000-0000-0000-000000000206', 'online', true),
  ('a0000000-0000-0000-0000-000000000137',
   'a0000000-0000-0000-0000-000000000100',
   'a0000000-0000-0000-0000-000000000207', 'online', true);


-- ================================================================
-- 6. COACH INVITES
-- ================================================================
INSERT INTO coach_invites (id, coach_id, token, expires_at, used) VALUES
  ('a0000000-0000-0000-0000-000000000140',
   'a0000000-0000-0000-0000-000000000100',
   'inv-open-abc123', '2026-06-01 00:00:00+00', false),
  ('a0000000-0000-0000-0000-000000000141',
   'a0000000-0000-0000-0000-000000000100',
   'inv-used-def456', '2026-04-01 00:00:00+00', true);


-- ================================================================
-- 7. GYM SUBSCRIPTION PLANS
-- ================================================================
INSERT INTO gym_plans (id, gym_id, name, price_egp, duration_days, is_active, valid_from, valid_to) VALUES
  ('a0000000-0000-0000-0000-000000000300',
   'a0000000-0000-0000-0000-000000000001',
   'Monthly',   799,  30, true,  NULL, NULL),
  ('a0000000-0000-0000-0000-000000000301',
   'a0000000-0000-0000-0000-000000000001',
   'Quarterly', 1999, 90, true,  NULL, NULL),
  ('a0000000-0000-0000-0000-000000000302',
   'a0000000-0000-0000-0000-000000000001',
   'Annual',    5999, 365, true,  NULL, NULL),
  -- Ramadan seasonal offer
  ('a0000000-0000-0000-0000-000000000303',
   'a0000000-0000-0000-0000-000000000001',
   'Ramadan Special', 599, 30, false,
   '2026-02-28', '2026-03-29');


-- ================================================================
-- 8. GYM CLASSES
-- ================================================================
INSERT INTO gym_classes
  (id, gym_id, name, description, price_egp, schedule, coach_id, is_active)
VALUES
  ('a0000000-0000-0000-0000-000000000400',
   'a0000000-0000-0000-0000-000000000001',
   'Yoga Flow',
   'Morning vinyasa yoga for flexibility and stress relief.',
   200,
   '{"days": ["Sunday","Tuesday","Thursday"], "time": "07:00", "duration_min": 60}'::jsonb,
   'a0000000-0000-0000-0000-000000000100',
   true),

  ('a0000000-0000-0000-0000-000000000401',
   'a0000000-0000-0000-0000-000000000001',
   'Kickboxing',
   'High-intensity kickboxing for cardio and self-defence.',
   250,
   '{"days": ["Monday","Wednesday"], "time": "19:00", "duration_min": 60}'::jsonb,
   'a0000000-0000-0000-0000-000000000100',
   true),

  ('a0000000-0000-0000-0000-000000000402',
   'a0000000-0000-0000-0000-000000000001',
   'Cardio Blast',
   'HIIT circuit class — burns 500+ kcal per session.',
   150,
   '{"days": ["Saturday"], "time": "10:00", "duration_min": 45}'::jsonb,
   'a0000000-0000-0000-0000-000000000100',
   true);


-- ================================================================
-- 9. GYM CHECK-INS (door QR scans — last 30 days)
-- ================================================================
INSERT INTO gym_checkins (gym_id, client_id, checked_in_at) VALUES
  -- Mohamed Ali — frequent gym-goer
  ('a0000000-0000-0000-0000-000000000001','a0000000-0000-0000-0000-000000000200','2026-04-06 08:15:00+02'),
  ('a0000000-0000-0000-0000-000000000001','a0000000-0000-0000-0000-000000000200','2026-04-08 08:02:00+02'),
  ('a0000000-0000-0000-0000-000000000001','a0000000-0000-0000-0000-000000000200','2026-04-10 07:55:00+02'),
  ('a0000000-0000-0000-0000-000000000001','a0000000-0000-0000-0000-000000000200','2026-04-13 08:30:00+02'),
  ('a0000000-0000-0000-0000-000000000001','a0000000-0000-0000-0000-000000000200','2026-04-15 08:10:00+02'),
  ('a0000000-0000-0000-0000-000000000001','a0000000-0000-0000-0000-000000000200','2026-04-17 07:45:00+02'),
  ('a0000000-0000-0000-0000-000000000001','a0000000-0000-0000-0000-000000000200','2026-04-20 08:00:00+02'),
  ('a0000000-0000-0000-0000-000000000001','a0000000-0000-0000-0000-000000000200','2026-04-22 08:20:00+02'),
  ('a0000000-0000-0000-0000-000000000001','a0000000-0000-0000-0000-000000000200','2026-04-24 08:05:00+02'),
  ('a0000000-0000-0000-0000-000000000001','a0000000-0000-0000-0000-000000000200','2026-04-27 07:50:00+02'),
  ('a0000000-0000-0000-0000-000000000001','a0000000-0000-0000-0000-000000000200','2026-04-29 08:15:00+02'),
  ('a0000000-0000-0000-0000-000000000001','a0000000-0000-0000-0000-000000000200','2026-05-01 08:00:00+02'),
  ('a0000000-0000-0000-0000-000000000001','a0000000-0000-0000-0000-000000000200','2026-05-03 07:55:00+02'),

  -- Sara Mostafa — 3x per week
  ('a0000000-0000-0000-0000-000000000001','a0000000-0000-0000-0000-000000000201','2026-04-07 18:00:00+02'),
  ('a0000000-0000-0000-0000-000000000001','a0000000-0000-0000-0000-000000000201','2026-04-09 18:10:00+02'),
  ('a0000000-0000-0000-0000-000000000001','a0000000-0000-0000-0000-000000000201','2026-04-12 17:55:00+02'),
  ('a0000000-0000-0000-0000-000000000001','a0000000-0000-0000-0000-000000000201','2026-04-14 18:05:00+02'),
  ('a0000000-0000-0000-0000-000000000001','a0000000-0000-0000-0000-000000000201','2026-04-16 18:30:00+02'),
  ('a0000000-0000-0000-0000-000000000001','a0000000-0000-0000-0000-000000000201','2026-04-19 18:00:00+02'),
  ('a0000000-0000-0000-0000-000000000001','a0000000-0000-0000-0000-000000000201','2026-04-23 17:45:00+02'),
  ('a0000000-0000-0000-0000-000000000001','a0000000-0000-0000-0000-000000000201','2026-04-26 18:10:00+02'),
  ('a0000000-0000-0000-0000-000000000001','a0000000-0000-0000-0000-000000000201','2026-04-28 18:00:00+02'),
  ('a0000000-0000-0000-0000-000000000001','a0000000-0000-0000-0000-000000000201','2026-05-02 18:15:00+02'),

  -- Nour El-Din — just joined, a few sessions
  ('a0000000-0000-0000-0000-000000000001','a0000000-0000-0000-0000-000000000203','2026-04-16 17:00:00+02'),
  ('a0000000-0000-0000-0000-000000000001','a0000000-0000-0000-0000-000000000203','2026-04-19 17:10:00+02'),
  ('a0000000-0000-0000-0000-000000000001','a0000000-0000-0000-0000-000000000203','2026-04-22 17:05:00+02'),
  ('a0000000-0000-0000-0000-000000000001','a0000000-0000-0000-0000-000000000203','2026-04-25 16:55:00+02'),
  ('a0000000-0000-0000-0000-000000000001','a0000000-0000-0000-0000-000000000203','2026-04-29 17:00:00+02'),
  ('a0000000-0000-0000-0000-000000000001','a0000000-0000-0000-0000-000000000203','2026-05-02 17:15:00+02'),

  -- Omar Farouk — consistent, 4x per week
  ('a0000000-0000-0000-0000-000000000001','a0000000-0000-0000-0000-000000000205','2026-04-06 20:00:00+02'),
  ('a0000000-0000-0000-0000-000000000001','a0000000-0000-0000-0000-000000000205','2026-04-08 20:10:00+02'),
  ('a0000000-0000-0000-0000-000000000001','a0000000-0000-0000-0000-000000000205','2026-04-10 20:05:00+02'),
  ('a0000000-0000-0000-0000-000000000001','a0000000-0000-0000-0000-000000000205','2026-04-13 19:50:00+02'),
  ('a0000000-0000-0000-0000-000000000001','a0000000-0000-0000-0000-000000000205','2026-04-15 20:00:00+02'),
  ('a0000000-0000-0000-0000-000000000001','a0000000-0000-0000-0000-000000000205','2026-04-17 20:15:00+02'),
  ('a0000000-0000-0000-0000-000000000001','a0000000-0000-0000-0000-000000000205','2026-04-20 19:55:00+02'),
  ('a0000000-0000-0000-0000-000000000001','a0000000-0000-0000-0000-000000000205','2026-04-22 20:00:00+02'),
  ('a0000000-0000-0000-0000-000000000001','a0000000-0000-0000-0000-000000000205','2026-04-24 20:10:00+02'),
  ('a0000000-0000-0000-0000-000000000001','a0000000-0000-0000-0000-000000000205','2026-04-27 19:45:00+02'),
  ('a0000000-0000-0000-0000-000000000001','a0000000-0000-0000-0000-000000000205','2026-04-29 20:05:00+02'),
  ('a0000000-0000-0000-0000-000000000001','a0000000-0000-0000-0000-000000000205','2026-05-01 20:00:00+02'),
  ('a0000000-0000-0000-0000-000000000001','a0000000-0000-0000-0000-000000000205','2026-05-03 20:10:00+02');


-- ================================================================
-- 10. EXERCISES (coach library)
-- ================================================================
INSERT INTO exercises
  (id, coach_id, name, description, muscle_group, equipment, difficulty, video_url)
VALUES
  -- Push
  ('a0000000-0000-0000-0000-000000000500',
   'a0000000-0000-0000-0000-000000000100',
   'Bench Press',
   'Classic horizontal push. Focus on scapular retraction and controlled eccentric.',
   ARRAY['Chest','Triceps','Anterior Deltoid'], 'Barbell', 'intermediate',
   'https://youtube.com/watch?v=placeholder-bench'),

  ('a0000000-0000-0000-0000-000000000501',
   'a0000000-0000-0000-0000-000000000100',
   'Incline Dumbbell Press',
   '30–45° incline to emphasise upper chest fibres.',
   ARRAY['Upper Chest','Triceps'], 'Dumbbells', 'intermediate',
   'https://youtube.com/watch?v=placeholder-incline'),

  ('a0000000-0000-0000-0000-000000000502',
   'a0000000-0000-0000-0000-000000000100',
   'Push-Up',
   'Bodyweight horizontal push. Great finisher or warm-up.',
   ARRAY['Chest','Triceps'], 'Bodyweight', 'beginner',
   'https://youtube.com/watch?v=placeholder-pushup'),

  -- Pull
  ('a0000000-0000-0000-0000-000000000503',
   'a0000000-0000-0000-0000-000000000100',
   'Lat Pulldown',
   'Wide-grip pulldown for lat width. Pull to upper chest.',
   ARRAY['Lats','Biceps'], 'Cable Machine', 'beginner',
   'https://youtube.com/watch?v=placeholder-pulldown'),

  ('a0000000-0000-0000-0000-000000000504',
   'a0000000-0000-0000-0000-000000000100',
   'Barbell Row',
   'Bent-over row. Hip-hinge, neutral spine, pull to lower rib.',
   ARRAY['Lats','Rhomboids','Biceps'], 'Barbell', 'intermediate',
   'https://youtube.com/watch?v=placeholder-bbrow'),

  ('a0000000-0000-0000-0000-000000000505',
   'a0000000-0000-0000-0000-000000000100',
   'Cable Row',
   'Seated cable row. Control the eccentric, full shoulder protraction.',
   ARRAY['Mid Back','Rhomboids','Biceps'], 'Cable Machine', 'beginner',
   'https://youtube.com/watch?v=placeholder-cablerow'),

  -- Legs
  ('a0000000-0000-0000-0000-000000000506',
   'a0000000-0000-0000-0000-000000000100',
   'Back Squat',
   'High-bar back squat. Knees track toes, depth to parallel or below.',
   ARRAY['Quadriceps','Glutes','Hamstrings'], 'Barbell', 'intermediate',
   'https://youtube.com/watch?v=placeholder-squat'),

  ('a0000000-0000-0000-0000-000000000507',
   'a0000000-0000-0000-0000-000000000100',
   'Romanian Deadlift',
   'Hip-hinge with soft knee. Feel hamstring stretch at bottom.',
   ARRAY['Hamstrings','Glutes','Lower Back'], 'Barbell', 'intermediate',
   'https://youtube.com/watch?v=placeholder-rdl'),

  ('a0000000-0000-0000-0000-000000000508',
   'a0000000-0000-0000-0000-000000000100',
   'Leg Press',
   'Machine leg press — high foot placement to bias glutes.',
   ARRAY['Quadriceps','Glutes'], 'Machine', 'beginner',
   'https://youtube.com/watch?v=placeholder-legpress'),

  -- Shoulders & Arms
  ('a0000000-0000-0000-0000-000000000509',
   'a0000000-0000-0000-0000-000000000100',
   'Overhead Press',
   'Standing or seated. Full lockout at top, elbows slightly forward.',
   ARRAY['Anterior Deltoid','Triceps'], 'Barbell', 'intermediate',
   'https://youtube.com/watch?v=placeholder-ohp'),

  ('a0000000-0000-0000-0000-000000000510',
   'a0000000-0000-0000-0000-000000000100',
   'Lateral Raise',
   'Dumbbell lateral raise. Slight forward lean, lead with elbows.',
   ARRAY['Lateral Deltoid'], 'Dumbbells', 'beginner',
   'https://youtube.com/watch?v=placeholder-lateral'),

  ('a0000000-0000-0000-0000-000000000511',
   'a0000000-0000-0000-0000-000000000100',
   'Barbell Curl',
   'Supinated grip curl. No elbow flare, full extension at bottom.',
   ARRAY['Biceps'], 'Barbell', 'beginner',
   'https://youtube.com/watch?v=placeholder-bbcurl');


-- ================================================================
-- 11. WORKOUT PLANS
-- ================================================================
INSERT INTO workout_plans (id, coach_id, name, weeks, is_template) VALUES
  ('a0000000-0000-0000-0000-000000000600',
   'a0000000-0000-0000-0000-000000000100',
   'Push / Pull / Legs — Hypertrophy', 4, false),

  ('a0000000-0000-0000-0000-000000000601',
   'a0000000-0000-0000-0000-000000000100',
   'Full Body Beginner', 4, true);


-- ================================================================
-- 12. WORKOUT PLAN DAYS  (Week 1 only — weeks 2-4 share same structure)
-- ================================================================
-- PPL Plan
INSERT INTO workout_plan_days (id, plan_id, week_number, day_of_week, label) VALUES
  ('a0000000-0000-0000-0000-000000000700','a0000000-0000-0000-0000-000000000600',1,'Monday',   'Push Day A'),
  ('a0000000-0000-0000-0000-000000000701','a0000000-0000-0000-0000-000000000600',1,'Tuesday',  'Pull Day A'),
  ('a0000000-0000-0000-0000-000000000702','a0000000-0000-0000-0000-000000000600',1,'Wednesday','Legs Day A'),
  ('a0000000-0000-0000-0000-000000000703','a0000000-0000-0000-0000-000000000600',1,'Thursday', 'Rest'),
  ('a0000000-0000-0000-0000-000000000704','a0000000-0000-0000-0000-000000000600',1,'Friday',   'Push Day B'),
  ('a0000000-0000-0000-0000-000000000705','a0000000-0000-0000-0000-000000000600',1,'Saturday', 'Pull Day B'),
  ('a0000000-0000-0000-0000-000000000706','a0000000-0000-0000-0000-000000000600',1,'Sunday',   'Legs Day B');

-- Full Body Plan
INSERT INTO workout_plan_days (id, plan_id, week_number, day_of_week, label) VALUES
  ('a0000000-0000-0000-0000-000000000710','a0000000-0000-0000-0000-000000000601',1,'Monday',   'Full Body A'),
  ('a0000000-0000-0000-0000-000000000711','a0000000-0000-0000-0000-000000000601',1,'Wednesday','Full Body B'),
  ('a0000000-0000-0000-0000-000000000712','a0000000-0000-0000-0000-000000000601',1,'Friday',   'Full Body A');


-- ================================================================
-- 13. WORKOUT PLAN EXERCISES
-- ================================================================
-- Push Day A (d700)
INSERT INTO workout_plan_exercises (day_id, exercise_id, sets, reps, rest_seconds, sort_order) VALUES
  ('a0000000-0000-0000-0000-000000000700','a0000000-0000-0000-0000-000000000500', 4, '6-10',  180, 1),  -- Bench Press
  ('a0000000-0000-0000-0000-000000000700','a0000000-0000-0000-0000-000000000501', 3, '8-12',  120, 2),  -- Incline DB Press
  ('a0000000-0000-0000-0000-000000000700','a0000000-0000-0000-0000-000000000509', 3, '8-12',  120, 3),  -- OHP
  ('a0000000-0000-0000-0000-000000000700','a0000000-0000-0000-0000-000000000510', 3, '12-15',  90, 4);  -- Lateral Raise

-- Pull Day A (d701)
INSERT INTO workout_plan_exercises (day_id, exercise_id, sets, reps, rest_seconds, sort_order) VALUES
  ('a0000000-0000-0000-0000-000000000701','a0000000-0000-0000-0000-000000000504', 4, '6-10',  180, 1),  -- Barbell Row
  ('a0000000-0000-0000-0000-000000000701','a0000000-0000-0000-0000-000000000503', 3, '8-12',  120, 2),  -- Lat Pulldown
  ('a0000000-0000-0000-0000-000000000701','a0000000-0000-0000-0000-000000000505', 3, '10-15', 90,  3),  -- Cable Row
  ('a0000000-0000-0000-0000-000000000701','a0000000-0000-0000-0000-000000000511', 3, '10-15', 90,  4);  -- Barbell Curl

-- Legs Day A (d702)
INSERT INTO workout_plan_exercises (day_id, exercise_id, sets, reps, rest_seconds, sort_order) VALUES
  ('a0000000-0000-0000-0000-000000000702','a0000000-0000-0000-0000-000000000506', 4, '5-8',   240, 1),  -- Back Squat
  ('a0000000-0000-0000-0000-000000000702','a0000000-0000-0000-0000-000000000507', 3, '8-12',  120, 2),  -- RDL
  ('a0000000-0000-0000-0000-000000000702','a0000000-0000-0000-0000-000000000508', 3, '12-15', 90,  3);  -- Leg Press

-- Full Body A (d710)
INSERT INTO workout_plan_exercises (day_id, exercise_id, sets, reps, rest_seconds, sort_order) VALUES
  ('a0000000-0000-0000-0000-000000000710','a0000000-0000-0000-0000-000000000506', 3, '8-10',  120, 1),  -- Back Squat
  ('a0000000-0000-0000-0000-000000000710','a0000000-0000-0000-0000-000000000500', 3, '8-10',  120, 2),  -- Bench Press
  ('a0000000-0000-0000-0000-000000000710','a0000000-0000-0000-0000-000000000503', 3, '10-12', 90,  3),  -- Lat Pulldown
  ('a0000000-0000-0000-0000-000000000710','a0000000-0000-0000-0000-000000000507', 2, '12',    90,  4),  -- RDL
  ('a0000000-0000-0000-0000-000000000710','a0000000-0000-0000-0000-000000000502', 2, 'AMRAP', 60,  5);  -- Push-Up

-- Full Body B (d711)
INSERT INTO workout_plan_exercises (day_id, exercise_id, sets, reps, rest_seconds, sort_order) VALUES
  ('a0000000-0000-0000-0000-000000000711','a0000000-0000-0000-0000-000000000508', 3, '12-15', 90,  1),  -- Leg Press
  ('a0000000-0000-0000-0000-000000000711','a0000000-0000-0000-0000-000000000509', 3, '10-12', 120, 2),  -- OHP
  ('a0000000-0000-0000-0000-000000000711','a0000000-0000-0000-0000-000000000505', 3, '12-15', 90,  3),  -- Cable Row
  ('a0000000-0000-0000-0000-000000000711','a0000000-0000-0000-0000-000000000511', 2, '12-15', 60,  4),  -- Barbell Curl
  ('a0000000-0000-0000-0000-000000000711','a0000000-0000-0000-0000-000000000510', 2, '15-20', 60,  5);  -- Lateral Raise


-- ================================================================
-- 14. PLAN ASSIGNMENTS
-- ================================================================
INSERT INTO plan_assignments (id, plan_id, client_id, started_at, current_week, is_active) VALUES
  -- PPL — gym clients
  ('a0000000-0000-0000-0000-000000000800',
   'a0000000-0000-0000-0000-000000000600',
   'a0000000-0000-0000-0000-000000000200', '2026-04-07', 4, true),   -- Mohamed Ali  (week 4)
  ('a0000000-0000-0000-0000-000000000801',
   'a0000000-0000-0000-0000-000000000600',
   'a0000000-0000-0000-0000-000000000201', '2026-03-10', 4, true),   -- Sara Mostafa (week 4)
  ('a0000000-0000-0000-0000-000000000802',
   'a0000000-0000-0000-0000-000000000600',
   'a0000000-0000-0000-0000-000000000207', '2026-04-14', 3, true),   -- Karim Sherif (week 3)

  -- Full Body — beginners
  ('a0000000-0000-0000-0000-000000000803',
   'a0000000-0000-0000-0000-000000000601',
   'a0000000-0000-0000-0000-000000000205', '2026-04-07', 4, true),   -- Omar Farouk  (week 4)
  ('a0000000-0000-0000-0000-000000000804',
   'a0000000-0000-0000-0000-000000000601',
   'a0000000-0000-0000-0000-000000000206', '2026-04-07', 4, true),   -- Dina Mahmoud (week 4)
  ('a0000000-0000-0000-0000-000000000805',
   'a0000000-0000-0000-0000-000000000601',
   'a0000000-0000-0000-0000-000000000203', '2026-04-21', 2, true);   -- Nour El-Din  (week 2)


-- ================================================================
-- 15. WORKOUT LOGS
-- ================================================================
INSERT INTO workout_logs (id, client_id, plan_id, day_id, logged_at, completed, notes) VALUES
  -- Mohamed Ali — recent workouts
  ('a0000000-0000-0000-0000-000000000900',
   'a0000000-0000-0000-0000-000000000200',
   'a0000000-0000-0000-0000-000000000600',
   'a0000000-0000-0000-0000-000000000700', '2026-04-28', true, 'Bench felt strong today — hit a rep PR.'),
  ('a0000000-0000-0000-0000-000000000901',
   'a0000000-0000-0000-0000-000000000200',
   'a0000000-0000-0000-0000-000000000600',
   'a0000000-0000-0000-0000-000000000701', '2026-04-29', true, NULL),
  ('a0000000-0000-0000-0000-000000000902',
   'a0000000-0000-0000-0000-000000000200',
   'a0000000-0000-0000-0000-000000000600',
   'a0000000-0000-0000-0000-000000000702', '2026-05-01', true, 'Squats feeling heavy, reduced weight 5%.'),
  ('a0000000-0000-0000-0000-000000000903',
   'a0000000-0000-0000-0000-000000000200',
   'a0000000-0000-0000-0000-000000000600',
   'a0000000-0000-0000-0000-000000000704', '2026-05-03', true, NULL),

  -- Sara Mostafa
  ('a0000000-0000-0000-0000-000000000910',
   'a0000000-0000-0000-0000-000000000201',
   'a0000000-0000-0000-0000-000000000600',
   'a0000000-0000-0000-0000-000000000700', '2026-04-28', true, NULL),
  ('a0000000-0000-0000-0000-000000000911',
   'a0000000-0000-0000-0000-000000000201',
   'a0000000-0000-0000-0000-000000000600',
   'a0000000-0000-0000-0000-000000000701', '2026-04-30', true, 'Good session, barbell rows up 5 kg.'),
  ('a0000000-0000-0000-0000-000000000912',
   'a0000000-0000-0000-0000-000000000201',
   'a0000000-0000-0000-0000-000000000600',
   'a0000000-0000-0000-0000-000000000702', '2026-05-02', false, 'Left early — skipped leg press.'),

  -- Dina Mahmoud — online client
  ('a0000000-0000-0000-0000-000000000920',
   'a0000000-0000-0000-0000-000000000206',
   'a0000000-0000-0000-0000-000000000601',
   'a0000000-0000-0000-0000-000000000710', '2026-04-28', true, NULL),
  ('a0000000-0000-0000-0000-000000000921',
   'a0000000-0000-0000-0000-000000000206',
   'a0000000-0000-0000-0000-000000000601',
   'a0000000-0000-0000-0000-000000000711', '2026-04-30', true, 'OHP improved — +2.5 kg both sides.'),
  ('a0000000-0000-0000-0000-000000000922',
   'a0000000-0000-0000-0000-000000000206',
   'a0000000-0000-0000-0000-000000000601',
   'a0000000-0000-0000-0000-000000000712', '2026-05-02', true, NULL);


-- ================================================================
-- 16. WORKOUT LOG SETS
-- ================================================================
-- Mohamed Ali — Bench Press sets (log 900)
INSERT INTO workout_log_sets (log_id, exercise_id, set_number, reps_done, weight_kg) VALUES
  ('a0000000-0000-0000-0000-000000000900','a0000000-0000-0000-0000-000000000500', 1, 8,  80),
  ('a0000000-0000-0000-0000-000000000900','a0000000-0000-0000-0000-000000000500', 2, 8,  82.5),
  ('a0000000-0000-0000-0000-000000000900','a0000000-0000-0000-0000-000000000500', 3, 7,  82.5),
  ('a0000000-0000-0000-0000-000000000900','a0000000-0000-0000-0000-000000000500', 4, 6,  82.5),
  ('a0000000-0000-0000-0000-000000000900','a0000000-0000-0000-0000-000000000501', 1, 12, 24),
  ('a0000000-0000-0000-0000-000000000900','a0000000-0000-0000-0000-000000000501', 2, 11, 24),
  ('a0000000-0000-0000-0000-000000000900','a0000000-0000-0000-0000-000000000501', 3, 10, 24),
  ('a0000000-0000-0000-0000-000000000900','a0000000-0000-0000-0000-000000000509', 1, 10, 55),
  ('a0000000-0000-0000-0000-000000000900','a0000000-0000-0000-0000-000000000509', 2, 9,  55),
  ('a0000000-0000-0000-0000-000000000900','a0000000-0000-0000-0000-000000000509', 3, 8,  57.5),
  ('a0000000-0000-0000-0000-000000000900','a0000000-0000-0000-0000-000000000510', 1, 15, 10),
  ('a0000000-0000-0000-0000-000000000900','a0000000-0000-0000-0000-000000000510', 2, 15, 10),
  ('a0000000-0000-0000-0000-000000000900','a0000000-0000-0000-0000-000000000510', 3, 14, 10);

-- Dina Mahmoud — Full Body A (log 920)
INSERT INTO workout_log_sets (log_id, exercise_id, set_number, reps_done, weight_kg) VALUES
  ('a0000000-0000-0000-0000-000000000920','a0000000-0000-0000-0000-000000000506', 1, 10, 40),
  ('a0000000-0000-0000-0000-000000000920','a0000000-0000-0000-0000-000000000506', 2, 10, 40),
  ('a0000000-0000-0000-0000-000000000920','a0000000-0000-0000-0000-000000000506', 3, 9,  40),
  ('a0000000-0000-0000-0000-000000000920','a0000000-0000-0000-0000-000000000500', 1, 10, 40),
  ('a0000000-0000-0000-0000-000000000920','a0000000-0000-0000-0000-000000000500', 2, 10, 40),
  ('a0000000-0000-0000-0000-000000000920','a0000000-0000-0000-0000-000000000500', 3, 8,  40),
  ('a0000000-0000-0000-0000-000000000920','a0000000-0000-0000-0000-000000000503', 1, 12, 35),
  ('a0000000-0000-0000-0000-000000000920','a0000000-0000-0000-0000-000000000503', 2, 11, 35),
  ('a0000000-0000-0000-0000-000000000920','a0000000-0000-0000-0000-000000000503', 3, 10, 35);


-- Mohamed Ali — Pull Day A (log 901)
INSERT INTO workout_log_sets (log_id, exercise_id, set_number, reps_done, weight_kg) VALUES
  ('a0000000-0000-0000-0000-000000000901','a0000000-0000-0000-0000-000000000504', 1, 8,  80),
  ('a0000000-0000-0000-0000-000000000901','a0000000-0000-0000-0000-000000000504', 2, 7,  80),
  ('a0000000-0000-0000-0000-000000000901','a0000000-0000-0000-0000-000000000504', 3, 7,  80),
  ('a0000000-0000-0000-0000-000000000901','a0000000-0000-0000-0000-000000000504', 4, 6,  80),
  ('a0000000-0000-0000-0000-000000000901','a0000000-0000-0000-0000-000000000503', 1, 12, 50),
  ('a0000000-0000-0000-0000-000000000901','a0000000-0000-0000-0000-000000000503', 2, 11, 50),
  ('a0000000-0000-0000-0000-000000000901','a0000000-0000-0000-0000-000000000503', 3, 10, 52.5),
  ('a0000000-0000-0000-0000-000000000901','a0000000-0000-0000-0000-000000000505', 1, 15, 45),
  ('a0000000-0000-0000-0000-000000000901','a0000000-0000-0000-0000-000000000505', 2, 13, 45),
  ('a0000000-0000-0000-0000-000000000901','a0000000-0000-0000-0000-000000000505', 3, 12, 45),
  ('a0000000-0000-0000-0000-000000000901','a0000000-0000-0000-0000-000000000511', 1, 12, 30),
  ('a0000000-0000-0000-0000-000000000901','a0000000-0000-0000-0000-000000000511', 2, 11, 30),
  ('a0000000-0000-0000-0000-000000000901','a0000000-0000-0000-0000-000000000511', 3, 10, 30);

-- Mohamed Ali — Legs Day A (log 902)
INSERT INTO workout_log_sets (log_id, exercise_id, set_number, reps_done, weight_kg) VALUES
  ('a0000000-0000-0000-0000-000000000902','a0000000-0000-0000-0000-000000000506', 1, 6,  100),
  ('a0000000-0000-0000-0000-000000000902','a0000000-0000-0000-0000-000000000506', 2, 6,  100),
  ('a0000000-0000-0000-0000-000000000902','a0000000-0000-0000-0000-000000000506', 3, 5,  100),
  ('a0000000-0000-0000-0000-000000000902','a0000000-0000-0000-0000-000000000506', 4, 5,  95),
  ('a0000000-0000-0000-0000-000000000902','a0000000-0000-0000-0000-000000000507', 1, 10, 70),
  ('a0000000-0000-0000-0000-000000000902','a0000000-0000-0000-0000-000000000507', 2, 10, 70),
  ('a0000000-0000-0000-0000-000000000902','a0000000-0000-0000-0000-000000000507', 3, 9,  70),
  ('a0000000-0000-0000-0000-000000000902','a0000000-0000-0000-0000-000000000508', 1, 15, 120),
  ('a0000000-0000-0000-0000-000000000902','a0000000-0000-0000-0000-000000000508', 2, 14, 120),
  ('a0000000-0000-0000-0000-000000000902','a0000000-0000-0000-0000-000000000508', 3, 12, 120);

-- Mohamed Ali — Push Day B (log 903)
INSERT INTO workout_log_sets (log_id, exercise_id, set_number, reps_done, weight_kg) VALUES
  ('a0000000-0000-0000-0000-000000000903','a0000000-0000-0000-0000-000000000500', 1, 9,  80),
  ('a0000000-0000-0000-0000-000000000903','a0000000-0000-0000-0000-000000000500', 2, 8,  82.5),
  ('a0000000-0000-0000-0000-000000000903','a0000000-0000-0000-0000-000000000500', 3, 8,  82.5),
  ('a0000000-0000-0000-0000-000000000903','a0000000-0000-0000-0000-000000000500', 4, 7,  82.5),
  ('a0000000-0000-0000-0000-000000000903','a0000000-0000-0000-0000-000000000501', 1, 12, 26),
  ('a0000000-0000-0000-0000-000000000903','a0000000-0000-0000-0000-000000000501', 2, 11, 26),
  ('a0000000-0000-0000-0000-000000000903','a0000000-0000-0000-0000-000000000501', 3, 10, 26),
  ('a0000000-0000-0000-0000-000000000903','a0000000-0000-0000-0000-000000000509', 1, 10, 57.5),
  ('a0000000-0000-0000-0000-000000000903','a0000000-0000-0000-0000-000000000509', 2, 9,  57.5),
  ('a0000000-0000-0000-0000-000000000903','a0000000-0000-0000-0000-000000000509', 3, 8,  57.5),
  ('a0000000-0000-0000-0000-000000000903','a0000000-0000-0000-0000-000000000510', 1, 15, 10),
  ('a0000000-0000-0000-0000-000000000903','a0000000-0000-0000-0000-000000000510', 2, 15, 10),
  ('a0000000-0000-0000-0000-000000000903','a0000000-0000-0000-0000-000000000510', 3, 15, 10);

-- Sara Mostafa — Push Day A (log 910)
INSERT INTO workout_log_sets (log_id, exercise_id, set_number, reps_done, weight_kg) VALUES
  ('a0000000-0000-0000-0000-000000000910','a0000000-0000-0000-0000-000000000500', 1, 10, 45),
  ('a0000000-0000-0000-0000-000000000910','a0000000-0000-0000-0000-000000000500', 2, 9,  45),
  ('a0000000-0000-0000-0000-000000000910','a0000000-0000-0000-0000-000000000500', 3, 8,  45),
  ('a0000000-0000-0000-0000-000000000910','a0000000-0000-0000-0000-000000000500', 4, 8,  45),
  ('a0000000-0000-0000-0000-000000000910','a0000000-0000-0000-0000-000000000501', 1, 12, 14),
  ('a0000000-0000-0000-0000-000000000910','a0000000-0000-0000-0000-000000000501', 2, 12, 14),
  ('a0000000-0000-0000-0000-000000000910','a0000000-0000-0000-0000-000000000501', 3, 10, 14),
  ('a0000000-0000-0000-0000-000000000910','a0000000-0000-0000-0000-000000000509', 1, 10, 30),
  ('a0000000-0000-0000-0000-000000000910','a0000000-0000-0000-0000-000000000509', 2, 9,  30),
  ('a0000000-0000-0000-0000-000000000910','a0000000-0000-0000-0000-000000000509', 3, 9,  30),
  ('a0000000-0000-0000-0000-000000000910','a0000000-0000-0000-0000-000000000510', 1, 15, 6),
  ('a0000000-0000-0000-0000-000000000910','a0000000-0000-0000-0000-000000000510', 2, 15, 6),
  ('a0000000-0000-0000-0000-000000000910','a0000000-0000-0000-0000-000000000510', 3, 15, 6);

-- Sara Mostafa — Pull Day A (log 911)
INSERT INTO workout_log_sets (log_id, exercise_id, set_number, reps_done, weight_kg) VALUES
  ('a0000000-0000-0000-0000-000000000911','a0000000-0000-0000-0000-000000000504', 1, 8,  47.5),
  ('a0000000-0000-0000-0000-000000000911','a0000000-0000-0000-0000-000000000504', 2, 8,  47.5),
  ('a0000000-0000-0000-0000-000000000911','a0000000-0000-0000-0000-000000000504', 3, 7,  47.5),
  ('a0000000-0000-0000-0000-000000000911','a0000000-0000-0000-0000-000000000504', 4, 6,  47.5),
  ('a0000000-0000-0000-0000-000000000911','a0000000-0000-0000-0000-000000000503', 1, 12, 35),
  ('a0000000-0000-0000-0000-000000000911','a0000000-0000-0000-0000-000000000503', 2, 11, 35),
  ('a0000000-0000-0000-0000-000000000911','a0000000-0000-0000-0000-000000000503', 3, 10, 35),
  ('a0000000-0000-0000-0000-000000000911','a0000000-0000-0000-0000-000000000505', 1, 14, 30),
  ('a0000000-0000-0000-0000-000000000911','a0000000-0000-0000-0000-000000000505', 2, 13, 30),
  ('a0000000-0000-0000-0000-000000000911','a0000000-0000-0000-0000-000000000505', 3, 12, 30),
  ('a0000000-0000-0000-0000-000000000911','a0000000-0000-0000-0000-000000000511', 1, 12, 20),
  ('a0000000-0000-0000-0000-000000000911','a0000000-0000-0000-0000-000000000511', 2, 11, 20),
  ('a0000000-0000-0000-0000-000000000911','a0000000-0000-0000-0000-000000000511', 3, 10, 20);

-- Sara Mostafa — Legs Day A partial (log 912 — left early, skipped leg press)
INSERT INTO workout_log_sets (log_id, exercise_id, set_number, reps_done, weight_kg) VALUES
  ('a0000000-0000-0000-0000-000000000912','a0000000-0000-0000-0000-000000000506', 1, 7,  55),
  ('a0000000-0000-0000-0000-000000000912','a0000000-0000-0000-0000-000000000506', 2, 7,  55),
  ('a0000000-0000-0000-0000-000000000912','a0000000-0000-0000-0000-000000000506', 3, 6,  55),
  ('a0000000-0000-0000-0000-000000000912','a0000000-0000-0000-0000-000000000507', 1, 12, 40),
  ('a0000000-0000-0000-0000-000000000912','a0000000-0000-0000-0000-000000000507', 2, 11, 40),
  ('a0000000-0000-0000-0000-000000000912','a0000000-0000-0000-0000-000000000507', 3, 10, 40);

-- Dina Mahmoud — Full Body B (log 921)
INSERT INTO workout_log_sets (log_id, exercise_id, set_number, reps_done, weight_kg) VALUES
  ('a0000000-0000-0000-0000-000000000921','a0000000-0000-0000-0000-000000000508', 1, 15, 50),
  ('a0000000-0000-0000-0000-000000000921','a0000000-0000-0000-0000-000000000508', 2, 14, 50),
  ('a0000000-0000-0000-0000-000000000921','a0000000-0000-0000-0000-000000000508', 3, 13, 50),
  ('a0000000-0000-0000-0000-000000000921','a0000000-0000-0000-0000-000000000509', 1, 12, 22.5),
  ('a0000000-0000-0000-0000-000000000921','a0000000-0000-0000-0000-000000000509', 2, 11, 22.5),
  ('a0000000-0000-0000-0000-000000000921','a0000000-0000-0000-0000-000000000509', 3, 10, 25),
  ('a0000000-0000-0000-0000-000000000921','a0000000-0000-0000-0000-000000000505', 1, 15, 25),
  ('a0000000-0000-0000-0000-000000000921','a0000000-0000-0000-0000-000000000505', 2, 14, 25),
  ('a0000000-0000-0000-0000-000000000921','a0000000-0000-0000-0000-000000000505', 3, 12, 25),
  ('a0000000-0000-0000-0000-000000000921','a0000000-0000-0000-0000-000000000511', 1, 13, 15),
  ('a0000000-0000-0000-0000-000000000921','a0000000-0000-0000-0000-000000000511', 2, 12, 15),
  ('a0000000-0000-0000-0000-000000000921','a0000000-0000-0000-0000-000000000510', 1, 18, 5),
  ('a0000000-0000-0000-0000-000000000921','a0000000-0000-0000-0000-000000000510', 2, 16, 5);

-- Dina Mahmoud — Full Body A repeat (log 922)
INSERT INTO workout_log_sets (log_id, exercise_id, set_number, reps_done, weight_kg) VALUES
  ('a0000000-0000-0000-0000-000000000922','a0000000-0000-0000-0000-000000000506', 1, 10, 42.5),
  ('a0000000-0000-0000-0000-000000000922','a0000000-0000-0000-0000-000000000506', 2, 10, 42.5),
  ('a0000000-0000-0000-0000-000000000922','a0000000-0000-0000-0000-000000000506', 3, 9,  42.5),
  ('a0000000-0000-0000-0000-000000000922','a0000000-0000-0000-0000-000000000500', 1, 10, 42.5),
  ('a0000000-0000-0000-0000-000000000922','a0000000-0000-0000-0000-000000000500', 2, 10, 42.5),
  ('a0000000-0000-0000-0000-000000000922','a0000000-0000-0000-0000-000000000500', 3, 9,  42.5),
  ('a0000000-0000-0000-0000-000000000922','a0000000-0000-0000-0000-000000000503', 1, 12, 37.5),
  ('a0000000-0000-0000-0000-000000000922','a0000000-0000-0000-0000-000000000503', 2, 12, 37.5),
  ('a0000000-0000-0000-0000-000000000922','a0000000-0000-0000-0000-000000000503', 3, 11, 37.5),
  ('a0000000-0000-0000-0000-000000000922','a0000000-0000-0000-0000-000000000507', 1, 12, 30),
  ('a0000000-0000-0000-0000-000000000922','a0000000-0000-0000-0000-000000000507', 2, 12, 30),
  ('a0000000-0000-0000-0000-000000000922','a0000000-0000-0000-0000-000000000502', 1, 15, 0),
  ('a0000000-0000-0000-0000-000000000922','a0000000-0000-0000-0000-000000000502', 2, 12, 0);


-- ================================================================
-- 17. NUTRITION PLANS
-- ================================================================
INSERT INTO nutrition_plans
  (id, coach_id, client_id, calories, protein_g, carbs_g, fats_g, meal_notes)
VALUES
  -- Mohamed Ali — moderate cut
  ('a0000000-0000-0000-0000-000000000a00',
   'a0000000-0000-0000-0000-000000000100',
   'a0000000-0000-0000-0000-000000000200',
   2400, 200, 250, 65,
   'Pre-workout: oats + whey. Post-workout: rice + chicken. Avoid high-fat meals on training days.'),

  -- Sara Mostafa — maintenance / lean bulk
  ('a0000000-0000-0000-0000-000000000a01',
   'a0000000-0000-0000-0000-000000000100',
   'a0000000-0000-0000-0000-000000000201',
   2100, 160, 230, 58,
   'Focus on protein at each meal. Greek yoghurt as a snack.'),

  -- Dina Mahmoud — fat loss
  ('a0000000-0000-0000-0000-000000000a02',
   'a0000000-0000-0000-0000-000000000100',
   'a0000000-0000-0000-0000-000000000206',
   1700, 145, 160, 50,
   'High-protein breakfast mandatory. Avoid refined carbs after 18:00.'),

  -- Karim Sherif — lean bulk
  ('a0000000-0000-0000-0000-000000000a03',
   'a0000000-0000-0000-0000-000000000100',
   'a0000000-0000-0000-0000-000000000207',
   2800, 220, 300, 70,
   'Calorie-dense meals around training. Banana + peanut butter pre-workout.');


-- ================================================================
-- 18. DAILY CHECK-INS (online clients — last ~4 weeks)
-- ================================================================
-- Dina Mahmoud
INSERT INTO daily_checkins (client_id, date, weight_kg, energy_level, sleep_hours, water_litres, notes) VALUES
  ('a0000000-0000-0000-0000-000000000206','2026-04-07', 67.2, 3, 7.0, 2.0, NULL),
  ('a0000000-0000-0000-0000-000000000206','2026-04-08', 67.0, 4, 7.5, 2.5, NULL),
  ('a0000000-0000-0000-0000-000000000206','2026-04-09', 66.9, 4, 8.0, 2.5, NULL),
  ('a0000000-0000-0000-0000-000000000206','2026-04-10', 67.1, 3, 6.5, 2.0, 'Stressful work day, sleep was poor.'),
  ('a0000000-0000-0000-0000-000000000206','2026-04-12', 66.8, 4, 7.5, 2.5, NULL),
  ('a0000000-0000-0000-0000-000000000206','2026-04-14', 66.5, 5, 8.0, 3.0, 'Feeling great, energy through the roof.'),
  ('a0000000-0000-0000-0000-000000000206','2026-04-15', 66.6, 4, 7.5, 2.5, NULL),
  ('a0000000-0000-0000-0000-000000000206','2026-04-16', 66.4, 4, 7.0, 2.0, NULL),
  ('a0000000-0000-0000-0000-000000000206','2026-04-17', 66.3, 3, 6.5, 2.0, 'Craving sweets, stayed on plan.'),
  ('a0000000-0000-0000-0000-000000000206','2026-04-19', 66.1, 4, 7.5, 2.5, NULL),
  ('a0000000-0000-0000-0000-000000000206','2026-04-21', 65.9, 5, 8.0, 3.0, NULL),
  ('a0000000-0000-0000-0000-000000000206','2026-04-22', 65.8, 4, 7.5, 2.5, NULL),
  ('a0000000-0000-0000-0000-000000000206','2026-04-23', 65.9, 4, 7.0, 2.0, NULL),
  ('a0000000-0000-0000-0000-000000000206','2026-04-24', 65.7, 3, 6.0, 2.0, 'Didn''t sleep well, wedding the night before.'),
  ('a0000000-0000-0000-0000-000000000206','2026-04-26', 65.5, 4, 7.5, 2.5, NULL),
  ('a0000000-0000-0000-0000-000000000206','2026-04-28', 65.3, 5, 8.0, 3.0, NULL),
  ('a0000000-0000-0000-0000-000000000206','2026-04-29', 65.4, 4, 7.5, 2.5, NULL),
  ('a0000000-0000-0000-0000-000000000206','2026-04-30', 65.2, 4, 7.0, 2.5, NULL),
  ('a0000000-0000-0000-0000-000000000206','2026-05-01', 65.0, 5, 8.0, 3.0, NULL),
  ('a0000000-0000-0000-0000-000000000206','2026-05-02', 65.1, 4, 7.5, 2.5, NULL),
  ('a0000000-0000-0000-0000-000000000206','2026-05-03', 64.9, 4, 7.5, 2.5, NULL),
  ('a0000000-0000-0000-0000-000000000206','2026-05-04', 64.8, 5, 8.0, 3.0, 'Down 2.4 kg total — very happy!');

-- Karim Sherif
INSERT INTO daily_checkins (client_id, date, weight_kg, energy_level, sleep_hours, water_litres, notes) VALUES
  ('a0000000-0000-0000-0000-000000000207','2026-04-14', 78.5, 3, 7.0, 2.0, NULL),
  ('a0000000-0000-0000-0000-000000000207','2026-04-15', 78.7, 4, 7.5, 2.5, NULL),
  ('a0000000-0000-0000-0000-000000000207','2026-04-16', 78.6, 4, 8.0, 3.0, NULL),
  ('a0000000-0000-0000-0000-000000000207','2026-04-17', 78.4, 3, 6.5, 2.0, 'Low sleep, stayed up late studying.'),
  ('a0000000-0000-0000-0000-000000000207','2026-04-19', 78.9, 4, 7.5, 2.5, NULL),
  ('a0000000-0000-0000-0000-000000000207','2026-04-21', 79.1, 5, 8.0, 3.0, 'Great workout, hit all reps.'),
  ('a0000000-0000-0000-0000-000000000207','2026-04-22', 79.0, 4, 7.5, 2.5, NULL),
  ('a0000000-0000-0000-0000-000000000207','2026-04-23', 79.2, 4, 7.0, 2.5, NULL),
  ('a0000000-0000-0000-0000-000000000207','2026-04-24', 79.4, 3, 6.0, 2.0, 'Sore from last session.'),
  ('a0000000-0000-0000-0000-000000000207','2026-04-26', 79.3, 4, 7.5, 2.5, NULL),
  ('a0000000-0000-0000-0000-000000000207','2026-04-28', 79.5, 5, 8.0, 3.0, NULL),
  ('a0000000-0000-0000-0000-000000000207','2026-04-29', 79.6, 4, 7.5, 2.5, NULL),
  ('a0000000-0000-0000-0000-000000000207','2026-04-30', 79.8, 4, 7.0, 2.5, NULL),
  ('a0000000-0000-0000-0000-000000000207','2026-05-01', 79.7, 5, 8.0, 3.0, NULL),
  ('a0000000-0000-0000-0000-000000000207','2026-05-02', 79.9, 4, 7.5, 2.5, NULL),
  ('a0000000-0000-0000-0000-000000000207','2026-05-03', 80.1, 4, 7.5, 2.5, NULL),
  ('a0000000-0000-0000-0000-000000000207','2026-05-04', 80.0, 4, 8.0, 3.0, 'Up 1.5 kg in 3 weeks — lean bulk on track.');


-- ================================================================
-- 19. PROGRESS PHOTOS
-- ================================================================
INSERT INTO progress_photos (client_id, taken_at, front_url, side_url, back_url) VALUES
  ('a0000000-0000-0000-0000-000000000206', '2026-04-07',
   'progress/dina/2026-04-07-front.jpg',
   'progress/dina/2026-04-07-side.jpg',
   'progress/dina/2026-04-07-back.jpg'),
  ('a0000000-0000-0000-0000-000000000206', '2026-05-04',
   'progress/dina/2026-05-04-front.jpg',
   'progress/dina/2026-05-04-side.jpg',
   'progress/dina/2026-05-04-back.jpg'),
  ('a0000000-0000-0000-0000-000000000207', '2026-04-14',
   'progress/karim/2026-04-14-front.jpg',
   'progress/karim/2026-04-14-side.jpg', NULL),
  ('a0000000-0000-0000-0000-000000000207', '2026-05-04',
   'progress/karim/2026-05-04-front.jpg',
   'progress/karim/2026-05-04-side.jpg', NULL);


-- ================================================================
-- 20. INBODY RESULTS (gym module)
-- ================================================================
INSERT INTO inbody_results
  (client_id, gym_id, tested_at, weight_kg, muscle_mass_kg, body_fat_pct, bmi, visceral_fat)
VALUES
  -- Mohamed Ali — two scans (improving)
  ('a0000000-0000-0000-0000-000000000200',
   'a0000000-0000-0000-0000-000000000001',
   '2026-04-01', 88.2, 42.1, 18.5, 26.1, 9),
  ('a0000000-0000-0000-0000-000000000200',
   'a0000000-0000-0000-0000-000000000001',
   '2026-05-01', 86.9, 42.8, 16.9, 25.7, 8),

  -- Sara Mostafa
  ('a0000000-0000-0000-0000-000000000201',
   'a0000000-0000-0000-0000-000000000001',
   '2026-03-15', 62.4, 26.3, 22.1, 22.6, 5),
  ('a0000000-0000-0000-0000-000000000201',
   'a0000000-0000-0000-0000-000000000001',
   '2026-05-01', 61.1, 26.9, 20.4, 22.1, 4),

  -- Omar Farouk — one scan on join
  ('a0000000-0000-0000-0000-000000000205',
   'a0000000-0000-0000-0000-000000000001',
   '2026-01-05', 92.0, 40.5, 24.3, 28.4, 12);


-- ================================================================
-- 21. PLATFORM SUBSCRIPTIONS
-- PowerFit Cairo started on Starter, then upgraded to Pro.
-- plan_id resolved via name lookup into subscription_plans catalog
-- (which is seeded by the subscription_plans.sql migration).
-- ================================================================
ALTER TABLE platform_subscriptions DISABLE ROW LEVEL SECURITY;
ALTER TABLE platform_activity_log  DISABLE ROW LEVEL SECURITY;

INSERT INTO platform_subscriptions
  (id, gym_id, plan_name, price_egp, billing_cycle, status,
   started_at, next_billing_at, notes, plan_id)
VALUES
  -- Jan 2026 — Starter plan (cancelled on upgrade)
  ('a0000000-0000-0000-0000-00000000b001',
   'a0000000-0000-0000-0000-000000000001',
   'Starter', 1800, 'monthly', 'cancelled',
   '2026-01-01 00:00:00+00', '2026-02-01 00:00:00+00',
   'Upgraded to Pro — member count reached plan ceiling.',
   (SELECT id FROM subscription_plans WHERE name = 'Starter')),

  -- Feb 2026 — Pro plan (current, active)
  ('a0000000-0000-0000-0000-00000000b002',
   'a0000000-0000-0000-0000-000000000001',
   'Pro', 4500, 'monthly', 'active',
   '2026-02-01 00:00:00+00', '2026-06-01 00:00:00+00',
   NULL,
   (SELECT id FROM subscription_plans WHERE name = 'Pro'));


-- ================================================================
-- 22. PLATFORM ACTIVITY LOG
-- Mix of login, member_add, checkin, and plan_change events that
-- reflect the gym's real activity visible in the super-admin view.
-- ================================================================
INSERT INTO platform_activity_log (gym_id, event_type, actor_id, metadata, created_at) VALUES

  -- Gym created / onboarding
  ('a0000000-0000-0000-0000-000000000001',
   'gym_created',
   'a0000000-0000-0000-0000-000000000010',
   '{"gym_name": "PowerFit Cairo", "plan": "starter"}'::jsonb,
   '2026-01-01 09:00:00+00'),

  -- Admin logins (January)
  ('a0000000-0000-0000-0000-000000000001',
   'login',
   'a0000000-0000-0000-0000-000000000010',
   '{"role": "gym_admin"}'::jsonb,
   '2026-01-02 08:10:00+00'),

  ('a0000000-0000-0000-0000-000000000001',
   'login',
   'a0000000-0000-0000-0000-000000000010',
   '{"role": "gym_admin"}'::jsonb,
   '2026-01-15 07:55:00+00'),

  -- Members added in January
  ('a0000000-0000-0000-0000-000000000001',
   'member_add',
   'a0000000-0000-0000-0000-000000000010',
   '{"client_id": "a0000000-0000-0000-0000-000000000205", "name": "Omar Farouk", "plan": "Annual"}'::jsonb,
   '2026-01-01 10:00:00+00'),

  ('a0000000-0000-0000-0000-000000000001',
   'member_add',
   'a0000000-0000-0000-0000-000000000010',
   '{"client_id": "a0000000-0000-0000-0000-000000000204", "name": "Layla Ahmed", "plan": "Monthly"}'::jsonb,
   '2026-01-01 10:15:00+00'),

  -- Plan upgrade: Starter → Pro
  ('a0000000-0000-0000-0000-000000000001',
   'plan_change',
   'a0000000-0000-0000-0000-000000000010',
   '{"from": "starter", "to": "pro", "subscription_id": "a0000000-0000-0000-0000-00000000b002"}'::jsonb,
   '2026-02-01 09:00:00+00'),

  -- Members added in February / March
  ('a0000000-0000-0000-0000-000000000001',
   'member_add',
   'a0000000-0000-0000-0000-000000000010',
   '{"client_id": "a0000000-0000-0000-0000-000000000202", "name": "Youssef Ibrahim", "plan": "Monthly"}'::jsonb,
   '2026-02-01 11:00:00+00'),

  ('a0000000-0000-0000-0000-000000000001',
   'member_add',
   'a0000000-0000-0000-0000-000000000010',
   '{"client_id": "a0000000-0000-0000-0000-000000000201", "name": "Sara Mostafa", "plan": "Quarterly"}'::jsonb,
   '2026-03-01 10:30:00+00'),

  -- Coach login
  ('a0000000-0000-0000-0000-000000000001',
   'login',
   'a0000000-0000-0000-0000-000000000011',
   '{"role": "coach"}'::jsonb,
   '2026-03-10 07:45:00+00'),

  -- Members added in April
  ('a0000000-0000-0000-0000-000000000001',
   'member_add',
   'a0000000-0000-0000-0000-000000000010',
   '{"client_id": "a0000000-0000-0000-0000-000000000200", "name": "Mohamed Ali", "plan": "Monthly"}'::jsonb,
   '2026-04-01 09:00:00+00'),

  ('a0000000-0000-0000-0000-000000000001',
   'member_add',
   'a0000000-0000-0000-0000-000000000010',
   '{"client_id": "a0000000-0000-0000-0000-000000000203", "name": "Nour El-Din", "plan": "Monthly"}'::jsonb,
   '2026-04-15 10:00:00+00'),

  -- Member frozen
  ('a0000000-0000-0000-0000-000000000001',
   'member_status_change',
   'a0000000-0000-0000-0000-000000000010',
   '{"client_id": "a0000000-0000-0000-0000-000000000202", "name": "Youssef Ibrahim", "status": "frozen", "reason": "travel"}'::jsonb,
   '2026-03-01 11:00:00+00'),

  -- QR check-ins (sampled — most come from gym_checkins table directly)
  ('a0000000-0000-0000-0000-000000000001',
   'checkin',
   'a0000000-0000-0000-0000-000000000020',
   '{"client_id": "a0000000-0000-0000-0000-000000000200", "qr_code": "QR-MALI-001"}'::jsonb,
   '2026-04-06 06:15:00+00'),

  ('a0000000-0000-0000-0000-000000000001',
   'checkin',
   'a0000000-0000-0000-0000-000000000025',
   '{"client_id": "a0000000-0000-0000-0000-000000000205", "qr_code": "QR-OFRK-006"}'::jsonb,
   '2026-04-06 18:00:00+00'),

  -- Admin login in May (most recent activity)
  ('a0000000-0000-0000-0000-000000000001',
   'login',
   'a0000000-0000-0000-0000-000000000010',
   '{"role": "gym_admin"}'::jsonb,
   '2026-05-03 08:00:00+00');


-- ================================================================
-- Re-enable RLS
-- ================================================================
ALTER TABLE gyms              ENABLE ROW LEVEL SECURITY;
ALTER TABLE profiles          ENABLE ROW LEVEL SECURITY;
ALTER TABLE coaches           ENABLE ROW LEVEL SECURITY;
ALTER TABLE clients           ENABLE ROW LEVEL SECURITY;
ALTER TABLE coach_clients     ENABLE ROW LEVEL SECURITY;
ALTER TABLE coach_invites     ENABLE ROW LEVEL SECURITY;
ALTER TABLE gym_plans         ENABLE ROW LEVEL SECURITY;
ALTER TABLE gym_classes       ENABLE ROW LEVEL SECURITY;
ALTER TABLE gym_checkins      ENABLE ROW LEVEL SECURITY;
ALTER TABLE exercises         ENABLE ROW LEVEL SECURITY;
ALTER TABLE workout_plans     ENABLE ROW LEVEL SECURITY;
ALTER TABLE workout_plan_days      ENABLE ROW LEVEL SECURITY;
ALTER TABLE workout_plan_exercises ENABLE ROW LEVEL SECURITY;
ALTER TABLE plan_assignments  ENABLE ROW LEVEL SECURITY;
ALTER TABLE workout_logs      ENABLE ROW LEVEL SECURITY;
ALTER TABLE workout_log_sets  ENABLE ROW LEVEL SECURITY;
ALTER TABLE nutrition_plans   ENABLE ROW LEVEL SECURITY;
ALTER TABLE daily_checkins    ENABLE ROW LEVEL SECURITY;
ALTER TABLE progress_photos   ENABLE ROW LEVEL SECURITY;
ALTER TABLE inbody_results    ENABLE ROW LEVEL SECURITY;
ALTER TABLE platform_subscriptions ENABLE ROW LEVEL SECURITY;
ALTER TABLE platform_activity_log  ENABLE ROW LEVEL SECURITY;
